{
  "arms": {
    "left": {
      "clamp_dist": 0.0,
      "cmd_pos": [
        0.024961755313702805,
        -0.26638302927267365,
        0.6019570461595738
      ],
      "cmd_quat": [
        0.0007808616152621234,
        0.001009529480054424,
        0.7558002572856272,
        -0.6548009943428205
      ],
      "ee_pos": [
        -0.018589625529146968,
        -0.24081727949736598,
        0.425837921327358
      ],
      "ee_quat": [
        0.0007788809476270368,
        0.0010146005880503238,
        0.7558015797092058,
        -0.6547994624609776
      ],
      "link_pos": [
        -0.0248,
        -0.17,
        1.1908,
        -0.007864188620707407,
        -0.23624444313919402,
        1.1301848206784746,
        -0.038487925814170806,
        -0.2816562061427089,
        1.110019452156825,
        0.02713454281915469,
        -0.2816843449970422,
        0.8503854649089664,
        0.024966547948532886,
        -0.26638665758945373,
        0.6019654858296631,
        -0.00897972084452904,
        -0.2962690612269332,
        0.5267933728511676,
        -0.008837723902583784,
        -0.2490863400902607,
        0.48327140682134884,
        -0.018589625529146968,
        -0.24081727949736598,
        0.425837921327358
      ],
      "margins": [
        2.7999999999999994,
        0.440332,
        0.10499999999999998,
        1.4,
        1.55,
        0.5233999999999999
      ],
      "q": [
        3.137,
        -0.004,
        0.305,
        -0.162,
        -0.003,
        -1.571
      ]
    },
    "right": {
      "clamp_dist": 0.0,
      "cmd_pos": [
        -0.03941759216293649,
        0.1767434251341884,
        0.5989498386820528
      ],
      "cmd_quat": [
        0.6510426875884548,
        -0.7590405839637444,
        -0.0007265360977016641,
        -0.0005319575903742444
      ],
      "ee_pos": [
        0.004631431576084716,
        0.14946435238654554,
        0.4231367190322164
      ],
      "ee_quat": [
        0.651043324734074,
        -0.7590400382410452,
        -0.0007266142717810454,
        -0.0005307522356288838
      ],
      "link_pos": [
        0.0101,
        0.0801,
        1.1875,
        -0.006690583266990206,
        0.1465181601815464,
        1.1270349107721542,
        0.023903108754575346,
        0.1920146839921114,
        1.1070172840381733,
        -0.04165676566363168,
        0.19201677480296836,
        0.8473691132049554,
        -0.0394177613685799,
        0.17674306642665394,
        0.598950367287507,
        -0.005475922759301274,
        0.20590411028643224,
        0.523494411568929,
        -0.005372619095308744,
        0.1582927296203187,
        0.48044284303990026,
        0.004631431576084716,
        0.14946435238654554,
        0.4231367190322164
      ],
      "margins": [
        2.7999999999999994,
        0.437332,
        0.10499999999999998,
        1.4,
        1.55,
        0.5233999999999999
      ],
      "q": [
        3.14,
        -0.001,
        0.305,
        -0.152,
        0.001,
        1.571
      ]
    }
  },
  "hand_render": {
    "left": {
      "names": [
        "wrist",
        "thumb_cmc",
        "thumb_abd",
        "thumb_mcp",
        "thumb_dip",
        "index_abd",
        "index_mcp",
        "index_pip",
        "middle_abd",
        "middle_mcp",
        "middle_pip",
        "ring_abd",
        "ring_mcp",
        "ring_pip",
        "pinky_abd",
        "pinky_mcp",
        "pinky_pip"
      ],
      "q": [
        -20.0,
        0.0,
        5.0,
        0.0,
        0.0,
        -3.337099248650249,
        22.64460204441241,
        0.0,
        0.0,
        0.0,
        0.0,
        2.383642320464464,
        22.64460204441241,
        0.0,
        9.909676699680755,
        42.79178574862145,
        0.0
      ]
    },
    "right": {
      "names": [
        "wrist",
        "thumb_cmc",
        "thumb_abd",
        "thumb_mcp",
        "thumb_dip",
        "index_abd",
        "index_mcp",
        "index_pip",
        "middle_abd",
        "middle_mcp",
        "middle_pip",
        "ring_abd",
        "ring_mcp",
        "ring_pip",
        "pinky_abd",
        "pinky_mcp",
        "pinky_pip"
      ],
      "q": [
        -20.0,
        0.0,
        5.0,
        0.0,
        0.0,
        -3.337099248650249,
        22.64460204441241,
        0.0,
        0.0,
        0.0,
        0.0,
        2.383642320464464,
        22.64460204441241,
        0.0,
        9.909676699680755,
        42.79178574862145,
        0.0
      ]
    }
  },
  "hands": {
    "left": {
      "index_abd": -3.337099248650249,
      "index_mcp": 22.64460204441241,
      "index_pip": 0.0,
      "middle_abd": 0.0,
      "middle_mcp": 0.0,
      "middle_pip": 0.0,
      "pinky_abd": 9.909676699680755,
      "pinky_mcp": 42.79178574862145,
      "pinky_pip": 0.0,
      "ring_abd": 2.383642320464464,
      "ring_mcp": 22.64460204441241,
      "ring_pip": 0.0,
      "thumb_abd": 5.0,
      "thumb_cmc": 0.0,
      "thumb_dip": 0.0,
      "thumb_mcp": 0.0,
      "wrist": -20.0
    },
    "right": {
      "index_abd": -3.337099248650249,
      "index_mcp": 22.64460204441241,
      "index_pip": 0.0,
      "middle_abd": 0.0,
      "middle_mcp": 0.0,
      "middle_pip": 0.0,
      "pinky_abd": 9.909676699680755,
      "pinky_mcp": 42.79178574862145,
      "pinky_pip": 0.0,
      "ring_abd": 2.383642320464464,
      "ring_mcp": 22.64460204441241,
      "ring_pip": 0.0,
      "thumb_abd": 5.0,
      "thumb_cmc": 0.0,
      "thumb_dip": 0.0,
      "thumb_mcp": 0.0,
      "wrist": -20.0
    }
  },
  "op": {
    "hands": {
      "left": {
        "lm_body": [
          0.0,
          0.0,
          0.0,
          0.029999999969999996,
          0.009999999990000001,
          0.0,
          0.040385876803124984,
          0.04461958943374997,
          0.005146263144181826,
          0.05043186494709333,
          0.0781062165803111,
          0.01532692128128115,
          0.05991958728246843,
          0.1097319576982281,
          0.030320669870013674,
          0.01999999998,
          0.0,
          0.0,
          0.01999999998,
          0.03438449087752087,
          0.006535042825345354,
          0.01999999998,
          0.06694410314615568,
          0.019375278290316763,
          0.01999999998,
          0.09653365181983684,
          0.038069090302230504,
          0.01999999998,
          0.12211241483449183,
          0.061958981079117126,
          0.0,
          0.0,
          0.0,
          0.0,
          0.03438449087752087,
          0.006535042825345354,
          0.0,
          0.06694410314615568,
          0.019375278290316763,
          0.0,
          0.09653365181983684,
          0.038069090302230504,
          0.0,
          0.12211241483449183,
          0.061958981079117126,
          -0.01999999998,
          0.0,
          0.0,
          -0.01999999998,
          0.03438449087752087,
          0.006535042825345354,
          -0.01999999998,
          0.06694410314615568,
          0.019375278290316763,
          -0.01999999998,
          0.09653365181983684,
          0.038069090302230504,
          -0.01999999998,
          0.12211241483449183,
          0.061958981079117126,
          -0.03999999996,
          0.0,
          0.0,
          -0.03999999996,
          0.03438449087752087,
          0.006535042825345354,
          -0.03999999996,
          0.06694410314615568,
          0.019375278290316763,
          -0.03999999996,
          0.09653365181983684,
          0.038069090302230504,
          -0.03999999996,
          0.12211241483449183,
          0.061958981079117126
        ],
        "raw_wrist": [
          0.18428978074554514,
          0.07203576818821415,
          0.03136123373583955
        ],
        "tracked": true,
        "wrist_body": [
          0.18428978056125533,
          0.42203576741617843,
          -0.03136123373583955
        ]
      },