{
  "arms": {
    "left": {
      "cmd_pos": [
        0.024961755313702805,
        -0.26638302927267365,
        0.6019570461595738
      ],
      "cmd_quat": [
        0.0007785273628246348,
        0.0010096143028138457,
        0.7557992646130205,
        -0.6548021427763674
      ],
      "ee_pos": [
        -0.018594296363236746,
        -0.24081243283986947,
        0.42583680706724414
      ],
      "ee_quat": [
        0.0007801059602204893,
        0.001008951504794529,
        0.7558041430647219,
        -0.6547965109694409
      ],
      "link_pos": [
        -0.0248,
        -0.17,
        1.1908,
        -0.007864188620707407,
        -0.23624444313919402,
        1.1301848206784746,
        -0.03848805704473778,
        -0.2816562069021249,
        1.1100196531544606,
        0.0271327144465394,
        -0.2816584322153166,
        0.8503852351669814,
        0.024963080606157175,
        -0.26638308929206594,
        0.6019638956003233,
        -0.008983680958923823,
        -0.2962649048632967,
        0.5267917713758107,
        -0.008841992355988662,
        -0.24908184280720413,
        0.4832701739397629,
        -0.018594296363236746,
        -0.24081243283986947,
        0.42583680706724414
      ],
      "margins": [
        2.7999934335472467,
        0.4402321882794375,
        0.104810240754239,
        1.3999022214435544,
        1.5499995659554748,
        0.5233898268991781
      ],
      "q": [
        3.136993433547247,
        -0.0039001882794374946,
        0.304810240754239,
        -0.16190222144355432,
        -0.002999565955474578,
        -1.5710101731008217
      ]
    },
    "right": {
      "cmd_pos": [
        -0.03941759216293649,
        0.1767434251341884,
        0.5989498386820528
      ],
      "cmd_quat": [
        0.6510431341937374,
        -0.7590402014484169,
        -0.0007265875099202976,
        -0.0005311072699773246
      ],
      "ee_pos": [
        0.004631707024723116,
        0.14946430641341382,
        0.42313666079438805
      ],
      "ee_quat": [
        0.6510434807459671,
        -0.7590399041525232,
        -0.0007266833406572792,
        -0.0005310495520409154
      ],
      "link_pos": [
        0.0101,
        0.0801,
        1.1875,
        -0.006690583266990206,
        0.1465181601815464,
        1.1270349107721542,
        0.02390311619043233,
        0.19201468400555521,
        1.107017295433256,
        -0.04165666113432003,
        0.19201580035185695,
        0.8473691000789115,
        -0.03941756472794418,
        0.1767429509199125,
        0.5989503021816694,
        -0.005475698065849603,
        0.2059040258286573,
        0.5234943710812298,
        -0.005372372171802928,
        0.15829266286931204,
        0.4804427830233555,
        0.004631707024723116,
        0.14946430641341382,
        0.42313666079438805
      ],
      "margins": [
        2.7999996277897177,
        0.43732824619691707,
        0.10499278874604273,
        1.3999969535800847,
        1.5499998758219595,
        0.5233996949838142
      ],
      "q": [
        3.139999627789718,
        -0.00099624619691707,
        0.30499278874604274,
        -0.1519969535800847,
        0.0010001241780404424,
        1.5710003050161856
      ]
    }
  },
  "hand_render": {
    "left": {
      "names": [
        "wrist",
        "thumb_cmc",
        "thumb_abd",
        "thumb_mcp",
        "thumb_dip",
        "index_abd",
        "index_mcp",
        "index_pip",
        "middle_abd",
        "middle_mcp",
        "middle_pip",
        "ring_abd",
        "ring_mcp",
        "ring_pip",
        "pinky_abd",
        "pinky_mcp",
        "pinky_pip"
      ],
      "q": [
        -20.0,
        0.0,
        5.0,
        0.0,
        0.0,
        -3.337099248650249,
        22.64460204441241,
        0.0,
        0.0,
        0.0,
        0.0,
        2.383642320464464,
        22.64460204441241,
        0.0,
        9.909676699680755,
        42.79178574862145,
        0.0
      ]
    },
    "right": {
      "names": [
        "wrist",
        "thumb_cmc",
        "thumb_abd",
        "thumb_mcp",
        "thumb_dip",
        "index_abd",
        "index_mcp",
        "index_pip",
        "middle_abd",
        "middle_mcp",
        "middle_pip",
        "ring_abd",
        "ring_mcp",
        "ring_pip",
        "pinky_abd",
        "pinky_mcp",
        "pinky_pip"
      ],
      "q": [
        -20.0,
        0.0,
        5.0,
        0.0,
        0.0,
        -3.337099248650249,
        22.64460204441241,
        0.0,
        0.0,
        0.0,
        0.0,
        2.383642320464464,
        22.64460204441241,
        0.0,
        9.909676699680755,
        42.79178574862145,
        0.0
      ]
    }
  },
  "hands": {
    "left": {
      "index_abd": -3.337099248650249,
      "index_mcp": 22.64460204441241,
      "index_pip": 0.0,
      "middle_abd": 0.0,
      "middle_mcp": 0.0,
      "middle_pip": 0.0,
      "pinky_abd": 9.909676699680755,
      "pinky_mcp": 42.79178574862145,
      "pinky_pip": 0.0,
      "ring_abd": 2.383642320464464,
      "ring_mcp": 22.64460204441241,
      "ring_pip": 0.0,
      "thumb_abd": 5.0,
      "thumb_cmc": 0.0,
      "thumb_dip": 0.0,
      "thumb_mcp": 0.0,
      "wrist": -20.0
    },
    "right": {
      "index_abd": -3.337099248650249,
      "index_mcp": 22.64460204441241,
      "index_pip": 0.0,
      "middle_abd": 0.0,
      "middle_mcp": 0.0,
      "middle_pip": 0.0,
      "pinky_abd": 9.909676699680755,
      "pinky_mcp": 42.79178574862145,
      "pinky_pip": 0.0,
      "ring_abd": 2.383642320464464,
      "ring_mcp": 22.64460204441241,
      "ring_pip": 0.0,
      "thumb_abd": 5.0,
      "thumb_cmc": 0.0,
      "thumb_dip": 0.0,
      "thumb_mcp": 0.0,
      "wrist": -20.0
    }
  },
  "op": {
    "hands": {
      "left": {
        "raw_wrist": [
          0.18428978074554514,
          0.07203576818821415,
          0.03136123373583955
        ],
        "tracked": true,
        "wrist_body": [
          0.18428978056125533,
          0.42203576741617843,
          -0.03136123373583955
        ]
      },
      "right": {
        "raw_wrist": [
          -0.11571021925445485,
          0.07203576818821415,
          0.03136123373583955
        ],
        "tracked": true,
        "wrist_body": [
          -0.11571021913874462,
          0.42203576741617843,
          -0.03136123373583955
        ]
      }
    },
    "head_pos": [
      0.0,
      0.0,
      0.0
    ],
    "torso_from_head": [
      0.0,
      -0.35,
      0.0
    ],
    "torso_pos": [
      0.0,
      -0.34999999965,
      0.0
    ]
  },
  "stamp": 0.5,
  "status": {
    "calib": null,
    "engaged": {
      "left": true,
      "right": true
    },
    "hz": 100.0,
    "tracked": {
      "left": true,
      "right": true
    }
  },
  "v": 2
}
