{
  "arms": {
    "left": {
      "cmd_pos": [
        0.024961755313702805,
        -0.26638302927267365,
        0.6019570461595738
      ],
      "cmd_quat": [
        0.0007785273628246348,
        0.0010096143028138457,
        0.7557992646130205,
        -0.6548021427763674
      ],
      "ee_pos": [
        -0.018593190971036976,
        -0.24081239659420262,
        0.4258368101949227
      ],
      "ee_quat": [
        0.0007786509653114755,
        0.001010212441223153,
        0.7558041407731347,
        -0.654796513402203
      ],
      "link_pos": [
        -0.0248,
        -0.17,
        1.1908,
        -0.007864188620707407,
        -0.23624444313919402,
        1.1301848206784746,
        -0.03848802007677029,
        -0.2816562066881944,
        1.1100195965326496,
        0.027133231681428432,
        -0.2816584321535912,
        0.8503852999334136,
        0.02496405747729648,
        -0.26638308889904766,
        0.6019639563767558,
        -0.008982565255543626,
        -0.2962649051901754,
        0.5267917697452735,
        -0.008840887003967797,
        -0.24908184363066266,
        0.48327017173717635,
        -0.018593190971036976,
        -0.24081239659420262,
        0.4258368101949227
      ],
      "margins": [
        2.79999528333952,
        0.44023218647011025,
        0.104810240754239,
        1.399902235602111,
        1.5499977346016702,
        0.5233939339316784
      ],
      "q": [
        3.13699528333952,
        -0.0039001864701102423,
        0.304810240754239,
        -0.1619022356021109,
        -0.0029977346016701292,
        -1.5710060660683214
      ]
    },
    "right": {
      "cmd_pos": [
        -0.03941759216293649,
        0.1767434251341884,
        0.5989498386820528
      ],
      "cmd_quat": [
        0.6510431341937374,
        -0.7590402014484169,
        -0.0007265875099202976,
        -0.0005311072699773246
      ],
      "ee_pos": [
        0.004631708593935366,
        0.1494643064141615,
        0.4231366607976347
      ],
      "ee_quat": [
        0.651043480745967,
        -0.7590399041525233,
        -0.0007266833406573061,
        -0.0005310495520409066
      ],
      "link_pos": [
        0.0101,
        0.0801,
        1.1875,
        -0.006690583266990206,
        0.1465181601815464,
        1.1270349107721542,
        0.02390311624291202,
        0.19201468400565008,
        1.1070172955136786,
        -0.04165666039976268,
        0.19201580035211258,
        0.8473690999871129,
        -0.03941756334077278,
        0.17674295092047035,
        0.5989503020957342,
        -0.0054756964805282235,
        0.2059040258294149,
        0.5234943710845043,
        -0.005372370602590678,
        0.15829266287005972,
        0.48044278302660204,
        0.004631708593935366,
        0.1494643064141615,
        0.4231366607976347
      ],
      "margins": [
        2.7999996251627866,
        0.43732824619691013,
        0.10499278874604961,
        1.3999969535804964,
        1.5499998784186029,
        0.5233996953815712
      ],
      "q": [
        3.139999625162787,
        -0.0009962461969101463,
        0.3049927887460496,
        -0.15199695358049634,
        0.0010001215813971172,
        1.5710003046184287
      ]
    }
  },
  "hand_render": {
    "left": {
      "names": [
        "wrist",
        "thumb_cmc",
        "thumb_abd",
        "thumb_mcp",
        "thumb_dip",
        "index_abd",
        "index_mcp",
        "index_pip",
        "middle_abd",
        "middle_mcp",
        "middle_pip",
        "ring_abd",
        "ring_mcp",
        "ring_pip",
        "pinky_abd",
        "pinky_mcp",
        "pinky_pip"
      ],
      "q": [
        -20.0,
        0.0,
        5.0,
        0.0,
        0.0,
        -3.337099248650249,
        22.64460204441241,
        0.0,
        0.0,
        0.0,
        0.0,
        2.383642320464464,
        22.64460204441241,
        0.0,
        9.909676699680755,
        42.79178574862145,
        0.0
      ]
    },
    "right": {
      "names": [
        "wrist",
        "thumb_cmc",
        "thumb_abd",
        "thumb_mcp",
        "thumb_dip",
        "index_abd",
        "index_mcp",
        "index_pip",
        "middle_abd",
        "middle_mcp",
        "middle_pip",
        "ring_abd",
        "ring_mcp",
        "ring_pip",
        "pinky_abd",
        "pinky_mcp",
        "pinky_pip"
      ],
      "q": [
        -20.0,
        0.0,
        5.0,
        0.0,
        0.0,
        -3.337099248650249,
        22.64460204441241,
        0.0,
        0.0,
        0.0,
        0.0,
        2.383642320464464,
        22.64460204441241,
        0.0,
        9.909676699680755,
        42.79178574862145,
        0.0
      ]
    }
  },
  "hands": {
    "left": {
      "index_abd": -3.337099248650249,
      "index_mcp": 22.64460204441241,
      "index_pip": 0.0,
      "middle_abd": 0.0,
      "middle_mcp": 0.0,
      "middle_pip": 0.0,
      "pinky_abd": 9.909676699680755,
      "pinky_mcp": 42.79178574862145,
      "pinky_pip": 0.0,
      "ring_abd": 2.383642320464464,
      "ring_mcp": 22.64460204441241,
      "ring_pip": 0.0,
      "thumb_abd": 5.0,
      "thumb_cmc": 0.0,
      "thumb_dip": 0.0,
      "thumb_mcp": 0.0,
      "wrist": -20.0
    },
    "right": {
      "index_abd": -3.337099248650249,
      "index_mcp": 22.64460204441241,
      "index_pip": 0.0,
      "middle_abd": 0.0,
      "middle_mcp": 0.0,
      "middle_pip": 0.0,
      "pinky_abd": 9.909676699680755,
      "pinky_mcp": 42.79178574862145,
      "pinky_pip": 0.0,
      "ring_abd": 2.383642320464464,
      "ring_mcp": 22.64460204441241,
      "ring_pip": 0.0,
      "thumb_abd": 5.0,
      "thumb_cmc": 0.0,
      "thumb_dip": 0.0,
      "thumb_mcp": 0.0,
      "wrist": -20.0
    }
  },
  "op": {
    "hands": {
      "left": {
        "raw_wrist": [
          0.18428978074554514,
          0.07203576818821415,
          0.03136123373583955
        ],
        "tracked": true,
        "wrist_body": [
          0.18428978056125533,
          0.42203576741617843,
          -0.03136123373583955
        ]
      },
      "right": {
        "raw_wrist": [
          -0.11571021925445485,
          0.07203576818821415,
          0.03136123373583955
        ],
        "tracked": true,
        "wrist_body": [
          -0.11571021913874462,
          0.42203576741617843,
          -0.03136123373583955
        ]
      }
    },
    "head_pos": [
      0.0,
      0.0,
      0.0
    ],
    "torso_from_head": [
      0.0,
      -0.35,
      0.0
    ],
    "torso_pos": [
      0.0,
      -0.34999999965,
      0.0
    ]
  },
  "stamp": 0.5,
  "status": {
    "calib": null,
    "engaged": {
      "left": true,
      "right": true
    },
    "hz": 100.0,
    "tracked": {
      "left": true,
      "right": true
    }
  },
  "v": 2
}
