{
  "arms": {
    "left": {
      "cmd_pos": [
        0.024961755313702805,
        -0.26638302927267365,
        0.6019570461595738
      ],
      "cmd_quat": [
        0.0007808244013586571,
        0.001013650558106207,
        0.7558014135672122,
        -0.6547996533868998
      ],
      "ee_pos": [
        -0.018592433727666474,
        -0.24081262626742606,
        0.4258367034492446
      ],
      "ee_quat": [
        0.000781613579642802,
        0.0010133190761178244,
        0.755803851244756,
        -0.6547968392625737
      ],
      "link_pos": [
        -0.0248,
        -0.17,
        1.1908,
        -0.007864188620707407,
        -0.23624444313919402,
        1.1301848206784746,
        -0.03848802567532737,
        -0.2816562067205927,
        1.110019605107638,
        0.027133153336888916,
        -0.28165847509611636,
        0.8503852901224865,
        0.02496390951044084,
        -0.2663831729429278,
        0.6019639446462607,
        -0.008982734254160147,
        -0.2962650545811184,
        0.5267917934887264,
        -0.00884062737220977,
        -0.24908203114041486,
        0.48327015555204633,
        -0.018592433727666474,
        -0.24081262626742606,
        0.4258367034492446
      ],
      "margins": [
        2.7999950032009053,
        0.4402323521248153,
        0.104810240887318,
        1.3999029387639328,
        1.5499934118989107,
        0.5233934867043566
      ],
      "q": [
        3.1369950032009055,
        -0.0039003521248153444,
        0.304810240887318,
        -0.16190293876393289,
        -0.003006588101089245,
        -1.5710065132956432
      ]
    },
    "right": {
      "cmd_pos": [
        -0.03941759216293649,
        0.1767434251341884,
        0.5989498386820528
      ],
      "cmd_quat": [
        0.6510426424419606,
        -0.7590406230054266,
        -0.0007262905446829522,
        -0.0005318381030577091
      ],
      "ee_pos": [
        0.004631923270999373,
        0.1494638152983377,
        0.42313672283424
      ],
      "ee_quat": [
        0.6510428157378013,
        -0.7590404743408441,
        -0.0007263385071937815,
        -0.0005318091711886831
      ],
      "link_pos": [
        0.0101,
        0.0801,
        1.1875,
        -0.006690583266990206,
        0.1465181601815464,
        1.1270349107721542,
        0.023903121739762008,
        0.19201468401558824,
        1.1070173039373352,
        -0.041656583433826506,
        0.19201574275933048,
        0.84736909036498,
        -0.039417417972521386,
        0.17674278308299948,
        0.598950299868059,
        -0.005475530259018405,
        0.20590372565459986,
        0.5234943270935114,
        -0.005372182931634096,
        0.1582922872158371,
        0.48044282256096427,
        0.004631923270999373,
        0.1494638152983377,
        0.42313672283424
      ],
      "margins": [
        2.799999350011568,
        0.4373280242410946,
        0.10499301070193301,
        1.3999956439977996,
        1.5499996852738178,
        0.5233981346970393
      ],
      "q": [
        3.139999350011568,
        -0.000996024241094611,
        0.304993010701933,
        -0.15199564399779966,
        0.0010003147261822064,
        1.5710018653029605
      ]
    }
  },
  "hand_render": {
    "left": {
      "names": [
        "wrist",
        "thumb_cmc",
        "thumb_abd",
        "thumb_mcp",
        "thumb_dip",
        "index_abd",
        "index_mcp",
        "index_pip",
        "middle_abd",
        "middle_mcp",
        "middle_pip",
        "ring_abd",
        "ring_mcp",
        "ring_pip",
        "pinky_abd",
        "pinky_mcp",
        "pinky_pip"
      ],
      "q": [
        -20.0,
        0.0,
        5.0,
        0.0,
        0.0,
        -3.337099248650249,
        22.64460204441241,
        0.0,
        0.0,
        0.0,
        0.0,
        2.383642320464464,
        22.64460204441241,
        0.0,
        9.909676699680755,
        42.79178574862145,
        0.0
      ]
    },
    "right": {
      "names": [
        "wrist",
        "thumb_cmc",
        "thumb_abd",
        "thumb_mcp",
        "thumb_dip",
        "index_abd",
        "index_mcp",
        "index_pip",
        "middle_abd",
        "middle_mcp",
        "middle_pip",
        "ring_abd",
        "ring_mcp",
        "ring_pip",
        "pinky_abd",
        "pinky_mcp",
        "pinky_pip"
      ],
      "q": [
        -20.0,
        0.0,
        5.0,
        0.0,
        0.0,
        -3.337099248650249,
        22.64460204441241,
        0.0,
        0.0,
        0.0,
        0.0,
        2.383642320464464,
        22.64460204441241,
        0.0,
        9.909676699680755,
        42.79178574862145,
        0.0
      ]
    }
  },
  "hands": {
    "left": {
      "index_abd": -3.337099248650249,
      "index_mcp": 22.64460204441241,
      "index_pip": 0.0,
      "middle_abd": 0.0,
      "middle_mcp": 0.0,
      "middle_pip": 0.0,
      "pinky_abd": 9.909676699680755,
      "pinky_mcp": 42.79178574862145,
      "pinky_pip": 0.0,
      "ring_abd": 2.383642320464464,
      "ring_mcp": 22.64460204441241,
      "ring_pip": 0.0,
      "thumb_abd": 5.0,
      "thumb_cmc": 0.0,
      "thumb_dip": 0.0,
      "thumb_mcp": 0.0,
      "wrist": -20.0
    },
    "right": {
      "index_abd": -3.337099248650249,
      "index_mcp": 22.64460204441241,
      "index_pip": 0.0,
      "middle_abd": 0.0,
      "middle_mcp": 0.0,
      "middle_pip": 0.0,
      "pinky_abd": 9.909676699680755,
      "pinky_mcp": 42.79178574862145,
      "pinky_pip": 0.0,
      "ring_abd": 2.383642320464464,
      "ring_mcp": 22.64460204441241,
      "ring_pip": 0.0,
      "thumb_abd": 5.0,
      "thumb_cmc": 0.0,
      "thumb_dip": 0.0,
      "thumb_mcp": 0.0,
      "wrist": -20.0
    }
  },
  "op": {
    "hands": {
      "left": {
        "lm_body": [
          0.0,
          0.0,
          0.0,
          0.029999999969999996,
          0.009999999990000001,
          0.0,
          0.040385876803124984,
          0.04461958943374997,
          0.005146263144181826,
          0.05043186494709333,
          0.0781062165803111,
          0.01532692128128115,
          0.05991958728246843,
          0.1097319576982281,
          0.030320669870013674,
          0.01999999998,
          0.0,
          0.0,
          0.01999999998,
          0.03438449087752087,
          0.006535042825345354,
          0.01999999998,
          0.06694410314615568,
          0.019375278290316763,
          0.01999999998,
          0.09653365181983684,
          0.038069090302230504,
          0.01999999998,
          0.12211241483449183,
          0.061958981079117126,
          0.0,
          0.0,
          0.0,
          0.0,
          0.03438449087752087,
          0.006535042825345354,
          0.0,
          0.06694410314615568,
          0.019375278290316763,
          0.0,
          0.09653365181983684,
          0.038069090302230504,
          0.0,
          0.12211241483449183,
          0.061958981079117126,
          -0.01999999998,
          0.0,
          0.0,
          -0.01999999998,
          0.03438449087752087,
          0.006535042825345354,
          -0.01999999998,
          0.06694410314615568,
          0.019375278290316763,
          -0.01999999998,
          0.09653365181983684,
          0.038069090302230504,
          -0.01999999998,
          0.12211241483449183,
          0.061958981079117126,
          -0.03999999996,
          0.0,
          0.0,
          -0.03999999996,
          0.03438449087752087,
          0.006535042825345354,
          -0.03999999996,
          0.06694410314615568,
          0.019375278290316763,
          -0.03999999996,
          0.09653365181983684,
          0.038069090302230504,
          -0.03999999996,
          0.12211241483449183,
          0.061958981079117126
        ],
        "raw_wrist": [
          0.18428978074554514,
          0.07203576818821415,
          0.03136123373583955
        ],
        "tracked": true,