{
  "version": 4,
  "axis_scale": [
    1.294948346970344,
    1.0171477843728947,
    1.3123596720058848
  ],
  "body_offset": [
    0.0,
    -1.7941850224960185,
    0.7810984734607401
  ],
  "lat_ref": 0.16989094624099188,
  "lat_center": 0.028559669123963204,
  "lat_knots": [
    [
      0.041568197985628406,
      0.06
    ],
    [
      0.16989094624099188,
      0.22
    ]
  ],
  "forward_body": [
    -0.2124596718416212,
    0.9771698357199482
  ],
  "meta": {
    "stamp": "2026-06-12 11:09:38",
    "quality": {
      "grade": "good",
      "worst_cm": 3.1,
      "reasons": [],
      "residual_cm": {
        "neutral": {
          "left": 1.0,
          "right": 1.0
        },
        "rest": {
          "left": 3.1,
          "right": 3.1
        }
      },
      "scale_raw": [
        1.295,
        1.017,
        1.312
      ],
      "clipped": [
        false,
        false,
        false
      ]
    },
    "pose_a": {
      "left": [
        -0.1482,
        1.7798,
        -0.2423
      ],
      "right": [
        0.1916,
        1.7874,
        -0.247
      ]
    },
    "pose_b": {
      "left": [
        -0.2198,
        1.3463,
        -0.5981
      ],
      "right": [
        0.2632,
        1.3193,
        -0.5922
      ]
    },
    "pose_c": {
      "left": [
        -0.013,
        1.6911,
        -0.4376
      ],
      "right": [
        0.0701,
        1.6874,
        -0.4372
      ]
    },
    "op_neutral": {
      "left": [
        -0.1482,
        1.7798,
        -0.2423
      ],
      "right": [
        0.1916,
        1.7874,
        -0.247
      ]
    },
    "robot_neutral": {
      "left": [
        -0.22,
        0.02,
        0.46
      ],
      "right": [
        0.22,
        0.02,
        0.46
      ]
    },
    "robot_rest": {
      "left": [
        -0.221,
        -0.437,
        -0.032
      ],
      "right": [
        0.222,
        -0.44,
        0.032
      ]
    }
  }
}
