{
  "version": 4,
  "axis_scale": [
    0.8122726576811073,
    0.9034747319077548,
    1.4878171998757468
  ],
  "body_offset": [
    0.0,
    -1.4915879829896324,
    0.7662810897330861
  ],
  "lat_ref": 0.27084501481074164,
  "lat_center": 0.05515090022161039,
  "lat_knots": [
    [
      0.04217877646832271,
      0.06
    ],
    [
      0.27084501481074164,
      0.22
    ]
  ],
  "forward_body": [
    -0.86596498425387,
    0.500104635097691
  ],
  "meta": {
    "stamp": "2026-06-12 11:17:11",
    "quality": {
      "grade": "good",
      "worst_cm": 1.3,
      "reasons": [],
      "residual_cm": {
        "neutral": {
          "left": 1.3,
          "right": 1.3
        },
        "rest": {
          "left": 0.9,
          "right": 0.9
        }
      },
      "scale_raw": [
        0.812,
        0.903,
        1.488
      ],
      "clipped": [
        false,
        false,
        false
      ]
    },
    "pose_a": {
      "left": [
        -0.22,
        1.6647,
        -0.213
      ],
      "right": [
        0.3217,
        1.6814,
        -0.1987
      ]
    },
    "pose_b": {
      "left": [
        -0.1964,
        1.1631,
        -0.5314
      ],
      "right": [
        0.2981,
        1.1681,
        -0.4987
      ]
    },
    "pose_c": {
      "left": [
        0.013,
        1.5251,
        -0.3673
      ],
      "right": [
        0.0973,
        1.523,
        -0.3665
      ]
    },
    "op_neutral": {
      "left": [
        -0.22,
        1.6647,
        -0.213
      ],
      "right": [
        0.3217,
        1.6814,
        -0.1987
      ]
    },
    "robot_neutral": {
      "left": [
        -0.22,
        0.02,
        0.46
      ],
      "right": [
        0.22,
        0.02,
        0.46
      ]
    },
    "robot_rest": {
      "left": [
        -0.221,
        -0.437,
        -0.032
      ],
      "right": [
        0.222,
        -0.44,
        0.032
      ]
    }
  }
}
