{
  "version": 4,
  "axis_scale": [
    1.3992318665714483,
    0.9768003572326825,
    1.365691114615978
  ],
  "body_offset": [
    0.0,
    -1.4861088716866402,
    0.8292092726116347
  ],
  "lat_ref": 0.15722912353266238,
  "lat_center": 0.0579005470334721,
  "lat_knots": [
    [
      0.04278927408028045,
      0.06
    ],
    [
      0.15722912353266238,
      0.22
    ]
  ],
  "forward_body": [
    0.1906349832917438,
    0.981660991964821
  ],
  "meta": {
    "stamp": "2026-06-12 11:06:10",
    "quality": {
      "grade": "good",
      "worst_cm": 3.2,
      "reasons": [],
      "residual_cm": {
        "neutral": {
          "left": 3.2,
          "right": 3.2
        },
        "rest": {
          "left": 0.8,
          "right": 0.8
        }
      },
      "scale_raw": [
        1.399,
        0.977,
        1.366
      ],
      "clipped": [
        false,
        false,
        false
      ]
    },
    "pose_a": {
      "left": [
        -0.1213,
        1.537,
        -0.2767
      ],
      "right": [
        0.1932,
        1.5468,
        -0.264
      ]
    },
    "pose_b": {
      "left": [
        -0.2041,
        1.0794,
        -0.6258
      ],
      "right": [
        0.2759,
        1.0656,
        -0.5886
      ]
    },
    "pose_c": {
      "left": [
        0.0151,
        1.4292,
        -0.4871
      ],
      "right": [
        0.1007,
        1.4323,
        -0.4859
      ]
    },
    "op_neutral": {
      "left": [
        -0.1213,
        1.537,
        -0.2767
      ],
      "right": [
        0.1932,
        1.5468,
        -0.264
      ]
    },
    "robot_neutral": {
      "left": [
        -0.22,
        0.02,
        0.46
      ],
      "right": [
        0.22,
        0.02,
        0.46
      ]
    },
    "robot_rest": {
      "left": [
        -0.221,
        -0.437,
        -0.032
      ],
      "right": [
        0.222,
        -0.44,
        0.032
      ]
    }
  }
}
