{
  "version": 4,
  "axis_scale": [
    1.3195786159927985,
    0.9400144441846732,
    1.4256451376862627
  ],
  "body_offset": [
    0.0,
    -1.5058009195878324,
    0.8079829537227632
  ],
  "lat_ref": 0.16671988870816973,
  "lat_center": 0.0023541137343886624,
  "lat_knots": [
    [
      0.04384102167730877,
      0.06
    ],
    [
      0.16671988870816973,
      0.22
    ]
  ],
  "forward_body": [
    0.08131707073955945,
    0.9966882832693166
  ],
  "meta": {
    "stamp": "2026-06-12 10:56:35",
    "quality": {
      "grade": "good",
      "worst_cm": 2.9,
      "reasons": [],
      "residual_cm": {
        "neutral": {
          "left": 0.9,
          "right": 0.9
        },
        "rest": {
          "left": 2.9,
          "right": 2.9
        }
      },
      "scale_raw": [
        1.32,
        0.94,
        1.426
      ],
      "clipped": [
        false,
        false,
        false
      ]
    },
    "pose_a": {
      "left": [
        -0.1642,
        1.6228,
        -0.2505
      ],
      "right": [
        0.1692,
        1.6236,
        -0.2376
      ]
    },
    "pose_b": {
      "left": [
        -0.2538,
        1.1384,
        -0.5688
      ],
      "right": [
        0.2588,
        1.1324,
        -0.5647
      ]
    },
    "pose_c": {
      "left": [
        -0.0415,
        1.4715,
        -0.4616
      ],
      "right": [
        0.0462,
        1.4694,
        -0.4582
      ]
    },
    "op_neutral": {
      "left": [
        -0.1642,
        1.6228,
        -0.2505
      ],
      "right": [
        0.1692,
        1.6236,
        -0.2376
      ]
    },
    "robot_neutral": {
      "left": [
        -0.22,
        0.02,
        0.46
      ],
      "right": [
        0.22,
        0.02,
        0.46
      ]
    },
    "robot_rest": {
      "left": [
        -0.221,
        -0.437,
        -0.032
      ],
      "right": [
        0.222,
        -0.44,
        0.032
      ]
    }
  }
}
