{
  "version": 4,
  "axis_scale": [
    1.3286908037107794,
    0.9476042050114625,
    1.2608964871313852
  ],
  "body_offset": [
    0.0,
    -1.4723988822972602,
    0.12713302612874555
  ],
  "lat_ref": 0.16557652042565663,
  "lat_center": 0.0545781062300583,
  "lat_knots": [
    [
      0.041618811189146405,
      0.06
    ],
    [
      0.16557652042565663,
      0.22
    ]
  ],
  "forward_body": [
    -0.1363205462696749,
    0.9906647811771333
  ],
  "meta": {
    "stamp": "2026-06-12 11:14:27",
    "quality": {
      "grade": "good",
      "worst_cm": 2.7,
      "reasons": [],
      "residual_cm": {
        "neutral": {
          "left": 1.0,
          "right": 1.0
        },
        "rest": {
          "left": 2.7,
          "right": 2.7
        }
      },
      "scale_raw": [
        1.329,
        0.948,
        1.261
      ],
      "clipped": [
        false,
        false,
        false
      ]
    },
    "pose_a": {
      "left": [
        -0.1106,
        1.5692,
        0.2703
      ],
      "right": [
        0.2205,
        1.5806,
        0.2577
      ]
    },
    "pose_b": {
      "left": [
        -0.189,
        1.0993,
        -0.1053
      ],
      "right": [
        0.2989,
        1.0829,
        -0.0963
      ]
    },
    "pose_c": {
      "left": [
        0.013,
        1.4726,
        0.0777
      ],
      "right": [
        0.0962,
        1.4674,
        0.0746
      ]
    },
    "op_neutral": {
      "left": [
        -0.1106,
        1.5692,
        0.2703
      ],
      "right": [
        0.2205,
        1.5806,
        0.2577
      ]
    },
    "robot_neutral": {
      "left": [
        -0.22,
        0.02,
        0.46
      ],
      "right": [
        0.22,
        0.02,
        0.46
      ]
    },
    "robot_rest": {
      "left": [
        -0.221,
        -0.437,
        -0.032
      ],
      "right": [
        0.222,
        -0.44,
        0.032
      ]
    }
  }
}
